---------------------------------------------------------Sub query task ----------------------------------------------------------------------------------------------

create database subqry;
use subqry;

CREATE TABLE Doctors(Doctor_ID int,Doctor_name varchar(30),Specialty varchar(20),Day_Available varchar(20),Contact_No varchar(13),Experience int);

CREATE TABLE Patients(Patient_ID int,Patient_name varchar(20),Doctor_name varchar(30),Treatment_date varchar(10),Ward_no int,Condition varchar(20),Fees int);

CREATE TABLE Timetable(Day varchar(20),Doctor_name varchar(20),Ward_no int,Time varchar(20));

CREATE TABLE Ward(Ward_no int,Floor int,Beds int,Nurses int);
CREATE TABLE Medicines(Date varchar(10),Doctor_name varchar(30),Ward_no int,Injections int,Medicines int);

INSERT INTO Doctors VALUES(1,'Dr.Harsh','Dietician','Monday','9876543210',5);
INSERT INTO Doctors VALUES(2,'Dr.Simran','Cardiologist','Tuesday','995671866',6);
INSERT INTO Doctors VALUES(3,'Dr.Abhishek','Gynecologist','Monday','8756128765',4);
INSERT INTO Doctors VALUES(4,'Dr.Tanuja','Dietician','Tuesday','9875617286',2);
INSERT INTO Doctors VALUES(1,'Dr.Vedant','Cardiologist','Monday','678195278',10);
INSERT INTO Doctors VALUES(5,'Dr.Sanika','Gynecologist','Monday','9876524516',2);
INSERT INTO Doctors VALUES(6,'Dr.Nitish','Neurologist','Saturday','7651862542',4);
INSERT INTO Doctors VALUES(7,'Dr.Sanskriti','Dietician','Tuesday','9876545678',5);
INSERT INTO Doctors VALUES(8,'Dr.Pranali','Gynecologist','Monday','7689018765',6);
INSERT INTO Doctors VALUES(9,'Dr.Paavana','Dietician','Sunday','6789156278',10);
INSERT INTO Doctors VALUES(10,'Dr.Devang','Cardiologist','Monday','18976254187',10);
INSERT INTO Doctors VALUES(11,'Dr.Rutuja','Dietician','Wednesday','18726578976',5);
INSERT INTO Doctors VALUES(12,'Dr.Gayatri','Neurologist','Sunday','98735678176',6);
INSERT INTO Doctors VALUES(13,'Dr.Amar','Dietician','Thursday','7890876543',5);
INSERT INTO Doctors VALUES(14,'Dr.Aditya','Cardiologist','Friday','6789098765',4);
INSERT INTO Doctors VALUES(15,'Dr.Salil','Dietician','Tuesday','9872456789',2);
INSERT INTO Doctors VALUES(16,'Dr.Prajwal','Gynecologist','Saturday','9865435671',6);
INSERT INTO Doctors VALUES(17,'Dr.Sami','Cardiologist','Friday','9876543245',5);
INSERT INTO Doctors VALUES(18,'Dr.Sakshi','Neurologist','Wednesday','9876547892',5);
INSERT INTO Doctors VALUES(19,'Dr.Aadinath','Gynecologist','Thursday','9875672897',10);

INSERT INTO Patients VALUES(1,'shruti','Dr.Simran','01-02-22',1,'Good',200);
INSERT INTO Patients VALUES(2,'rahul','Dr.Simran','01-02-22',1,'Good',200);
INSERT INTO Patients VALUES(3,'rohit','Dr.Abhishek','01-02-22',2,'Intermediate',400);
INSERT INTO Patients VALUES(4,'raj','Dr.Tanuja','01-02-22',3,'Good',200);
INSERT INTO Patients VALUES(5,'roshan','Dr.Simran','01-02-22',1,'Intermediate',200);
INSERT INTO Patients VALUES(6,'nupur','Dr.Harsh','02-02-22',1,'Bad',100);
INSERT INTO Patients VALUES(7,'sahil','Dr.Abhishek','02-02-22',2,'Better',600);
INSERT INTO Patients VALUES(8,'shreya','Dr.Vedant','02-02-22',5,'Good',200);
INSERT INTO Patients VALUES(9,'tanvi','Dr.Tanuja','03-02-22',3,'Bad',500);
INSERT INTO Patients VALUES(10,'dipti','Dr.Simran','03-02-22',1,'Intermediate',400);
INSERT INTO Patients VALUES(11,'snehal','Dr.Abhishek','03-02-22',2,'Better',100);
INSERT INTO Patients VALUES(12,'abhijit','Dr.Simran','04-02-22',1,'Good',200);
INSERT INTO Patients VALUES(13,'anam','Dr.Vedant','04-02-22',5,'Bad',500);
INSERT INTO Patients VALUES(14,'sanyukta','Dr.Simran','04-02-22',1,'Intermediate',500);
INSERT INTO Patients VALUES(15,'smruti','Dr.Simran','01-03-22',1,'Good',600);
INSERT INTO Patients VALUES(16,'siddhesh','Dr.Abhishek','01-03-22',2,'Good',200);
INSERT INTO Patients VALUES(17,'krutik', 'Dr.Vedant','01-03-22',5,'Bad',500);
INSERT INTO Patients VALUES(18,'jay','Dr.Tanuja','02-03-22',3,'Good',500);
INSERT INTO Patients VALUES(19,'jayant','Dr.Simran','02-03-22',1,'Intermediate',200);
INSERT INTO Patients VALUES(20,'vineet','Dr.Vedant','01-04-22',5,'Better',400);
INSERT INTO Patients VALUES(21,'riddhi','Dr.Abhishek','01-04-22',2,'Bad',200);
INSERT INTO Patients VALUES(22,'vishaka','Dr.Harsh','02-05-22',4,'Good',100);
INSERT INTO Patients VALUES(23,'sarthak','Dr.Simran','02-05-22',1,'Good',400);
INSERT INTO Patients VALUES(24,'yash','Dr.Vedant','02-04-22',5,'Better',500);
INSERT INTO Patients VALUES(25,'suraj','Dr.Sanika','04-05-22',6,'Good',200);

INSERT INTO Timetable VALUES('Monday','Dr.Harsh',4,'10am');
INSERT INTO Timetable VALUES('Tuesday','Dr.Simran',1,'10am');
INSERT INTO Timetable VALUES('Wednesday','Dr.Rutuja',7,'11am');
INSERT INTO Timetable VALUES('Thursday','Dr.Amar',8,'1pm');
INSERT INTO Timetable VALUES('Friday','Dr.Aditya',9,'3pm');
INSERT INTO Timetable VALUES('Saturday','Dr.Prajwal',10,'11am');
INSERT INTO Timetable VALUES('Sunday','Dr.Paavana',11,'4pm');
INSERT INTO Timetable VALUES('Monday','Dr.Sanika',6,'10am');
INSERT INTO Timetable VALUES('Tuesday','Dr.Tanuja',3,'4am');
INSERT INTO Timetable VALUES('Wednesday','Dr.Sakshi',12,'10pm');
INSERT INTO Timetable VALUES('Thursday','Dr.Aadinath',13,'8am');

INSERT INTO Ward VALUES(1,1,10,3);
INSERT INTO Ward VALUES(2,1,12,4);
INSERT INTO Ward VALUES(3,1,13,3);
INSERT INTO Ward VALUES(4,1,10,3);
INSERT INTO Ward VALUES(5,2,9,2);
INSERT INTO Ward VALUES(6,2,8,3);
INSERT INTO Ward VALUES(7,2,10,4);
INSERT INTO Ward VALUES(8,2,9,3);
INSERT INTO Ward VALUES(9,3,13,2);
INSERT INTO Ward VALUES(10,3,10,3);
INSERT INTO Ward VALUES(11,3,13,2);
INSERT INTO Ward VALUES(12,4,10,3);
INSERT INTO Ward VALUES(13,4,9,4);

INSERT INTO Medicines VALUES('01-02-22','Dr.Simran',1,20,40);
INSERT INTO Medicines VALUES('01-02-22','Dr.Harsh',4,30,50);
INSERT INTO Medicines VALUES('01-02-22','Dr.Vedant',5,10,30);
INSERT INTO Medicines VALUES('02-02-22','Dr.Abhishek',2,20,40);
INSERT INTO Medicines VALUES('02-02-22','Dr.Tanuja',3,40,60);
INSERT INTO Medicines VALUES('02-02-22','Dr.Sanika',6,10,35);
INSERT INTO Medicines VALUES('02-02-22','Dr.Rutuja',7,34,67);
INSERT INTO Medicines VALUES('03-02-22','Dr.Simran',1,20,40);
INSERT INTO Medicines VALUES('03-02-22','Dr.Harsh',4,15,43);
INSERT INTO Medicines VALUES('03-02-22','Dr.Simran',1,20,40);
INSERT INTO Medicines VALUES('01-03-22','Dr.Vedant',5,12,24);
INSERT INTO Medicines VALUES('01-03-22','Dr.Simran',1,23,34);
INSERT INTO Medicines VALUES('01-03-22','Dr.Abhishek',2,33,45);
INSERT INTO Medicines VALUES('02-03-22','Dr.Harsh',4,22,43);
INSERT INTO Medicines VALUES('02-03-22','Dr.Simran',1,20,40);
INSERT INTO Medicines VALUES('01-04-22','Dr.Vedant',5,20,40);
INSERT INTO Medicines VALUES('01-04-22','Dr.Tanuja',3,22,45);

Select * from Doctors ;
Select * from Patients ;
Select * from Timetable ;
Select * from Ward ;
Select * from Medicines ;

--====================================================================================================================================================================================================

select Patient_name from Patients where Doctor_name = 'Dr.Simran';

select count(Patient_name) as No_of_Patients,Doctor_name, Ward_no from Patients group by Doctor_name,Ward_no;

select Doctor_name, avg(Fees) from Patients group by Doctor_name;

select Specialty ,Max(Injections) as no_of_injections from Doctors,Medicines where Doctors.Doctor_name=Medicines.Doctor_name and Medicines.Date='01-02-22' group by Medicines.Injections,Doctors.Specialty;

select Nurses,Doctor_name from Ward,Timetable where Ward.Ward_no = Timetable.Ward_no and Doctor_name='Dr.Rutuja' group by Doctor_name,Nurses;

select Doctor_name,Time from Timetable where Day='Wednesday'and Doctor_name='Dr.Rutuja';

select Doctor_name , count(Condition) from Patients where Condition='Good' group by Doctor_name;

select Floor,min(Medicines) from Ward,Medicines where Ward.Ward_no=Medicines.Ward_no and Medicines in (select min(Medicines) from Medicines where Date='02-02-22') group by Floor;

select Ward_no , Beds from Ward where Beds=(select min(Beds) from Ward);

select Specialty,Sum(Experience) as Total_Experience from Doctors where Specialty = 'Cardiologist' group by Specialty ;

select Doctor_name , Floor from Timetable inner join Ward on Ward.Ward_no=Timetable.Ward_no;

select Floor,avg(Beds) from Ward group by Floor;

select Doctor_name ,Ward_no from Patients UNION select Doctor_name , Ward_no from Timetable;

select Treatment_date ,count(Patient_name) as No_of_Patients from Patients group by Treatment_date;

select Condition ,count(Patient_name) as No_of_Patients from Patients group by Condition;

select Doctor_name , count(Injections)+count(Medicines) as 'Total injections and medicines' from Medicines where Doctor_name in (select Doctor_name from Doctors where Doctor_ID>3) group by Doctor_name;

select Date,Sum(Medicines) from Medicines group by Date order by sum(Medicines) desc;

select Ward_no , count(Condition) as 'No of Good condition patients' from Patients where Condition='Good' group by Condition , Ward_no order by Count(Condition) desc;

select Specialty , Time from Doctors,Timetable where  Doctors.Doctor_name=Timetable.Doctor_name and Time='10am';

select Ward.Ward_no ,Nurses,Injections from Ward,Medicines where Ward.Ward_no=Medicines.Ward_no and Injections>20 ;

select Ward_no , Count(Patient_name),Experience from Doctors,Patients Where Doctors.Doctor_name=Patients.Doctor_name and Experience>3 group by Ward_no,Experience;

select Patient_name,Contact_No from Doctors,Patients where Doctors.Doctor_name=Patients.Doctor_name;

Select Time , COUNT(Doctor_name) as 'No of Doctors' from Timetable group by Time;

select Doctor_ID ,Patients.Doctor_name , Patient_name from Doctors inner join Patients on Doctors.Doctor_name=Patients.Doctor_name where Patient_name like 's%';

select Day,Doctor_name from Timetable where not Doctor_name ='Dr.Simran' and Day in (select Day from Timetable Where Doctor_name='Dr.Simran');
